choke_pct,K_Q,K_WHP,K_FLP,K_BHP
10,3.7399410018249135,-25.50358199246682,1.4971045289476734,-24.202099921219542
20,3.8254713292631095,-26.59774870219701,1.5290850390493347,-26.19101209334076
30,3.044476495789837,-21.822938993542266,1.216872297274847,-20.909413571433333
40,1.9493735884069991,-14.117061391115215,0.7806672223325393,-12.414044475843866
50,1.1798043197625816,-8.663935920716796,0.47168911891783694,-8.005301379817297
60,0.7081865867286155,-5.236511255283176,0.2830124320234546,-4.894822886445581
70,0.41407539747396527,-3.0655103275614977,0.16562508945187915,-2.7660070460714223
80,0.28238822744776826,-2.094115783408512,0.11295212153817147,-1.8846021906499573
90,0.18450500011705628,-1.3722080844814855,0.07375878773079592,-1.2549282385720062
