time_h,target_Q,choke_pct,Q,WHP,FLP,BHP,WHT,AP,n_candidates,n_feasible,all_infeasible
1.0,100.0,5.0,6.854698111146298,1454.9369121615573,183.94027130599596,2968.860213127605,95.9043761865018,449.9569381094818,11,11,False
2.0,100.0,10.0,22.602232662323836,1361.9630308228188,189.9486731871134,2895.969610338007,98.76113921544327,449.00764602614646,21,21,False
3.0,100.0,15.0,42.90310605086461,1236.8942714235766,197.8378722013791,2800.53918995444,103.30191746223473,449.48779865033873,21,21,False
4.0,100.0,20.0,63.821755392740165,1096.1315289247832,206.27024575415123,2679.229025364449,107.93302662157348,449.7483624526468,21,21,False
5.0,100.0,25.0,82.73539381937702,957.6240886278704,214.84235819770117,2557.4820589079436,114.00885169602631,448.86015303314775,21,21,False
6.0,100.0,29.5,99.13410327562862,837.3172985433374,221.86116128439662,2444.8340789120894,119.8409938040326,449.2663690281473,21,21,False
7.0,100.0,29.5,105.57981244521093,784.2543432733804,223.2172526096619,2377.424176542638,123.25938682944047,450.6870906172252,21,21,False
8.0,100.0,29.5,107.91532944482618,761.4852722488613,223.7127181113883,2334.6114812343267,126.54699920997155,450.0672902441573,21,21,False
9.0,100.0,28.5,106.21667010810245,762.6468618317164,223.40712117385974,2316.29433514433,127.82718632122145,450.0804253610165,21,21,False
10.0,100.0,28.0,104.57089160482089,772.6136990874011,222.48912828677902,2312.822430830616,128.96585971057263,449.6349483352953,21,21,False
11.0,100.0,27.5,104.1085589901273,781.3952343655668,221.126092447959,2309.578179854138,129.48616082329067,449.7447221544358,21,21,False
12.0,100.0,27.0,101.78190247086815,792.3265679416185,220.7239534397733,2318.7417760956705,129.50770319306096,451.24252666323366,21,21,False
13.0,100.0,27.0,101.23346252899846,796.3706211356231,219.81195776330256,2321.418641343048,129.669208116114,450.49699668977473,21,21,False
14.0,100.0,27.0,102.64158973581883,799.5303442035015,221.63606347143633,2317.3366575434775,129.76637380075823,450.5746748804868,21,21,False
15.0,100.0,27.0,102.2645303233153,799.183024276497,222.09338550288217,2322.0405909047677,129.6974368848229,450.38678098204633,21,21,False
16.0,100.0,27.0,102.23408495486183,800.2478841321855,219.53014017726446,2322.070716905654,130.69279719137825,447.66120105791,21,21,False
17.0,100.0,27.0,102.57125280773025,800.5851946075863,218.972206056294,2323.2176242352525,130.154901172149,450.99660413419247,21,21,False
18.0,100.0,26.5,99.58729922874609,808.0144723969914,221.5989126481851,2324.7982445119665,129.69286278866372,449.72335521580345,21,21,False
19.0,100.0,26.5,100.32936216499357,812.6228015508581,219.54396783901817,2328.5358082883245,130.35801515299184,450.5508894572994,21,21,False
20.0,100.0,26.5,99.09851837055756,811.7999724129438,221.8465352191567,2333.6820778178717,129.88697814587195,449.7509841051282,21,21,False
21.0,100.0,26.5,99.43180758322508,812.3048029075535,218.72086397473157,2334.2194921496493,130.35250513552648,451.316301781766,21,21,False
22.0,100.0,26.5,98.13790832472115,812.5974398188652,220.52215991314702,2333.3561602295235,130.1811128488284,450.00738245598495,21,21,False
23.0,100.0,26.5,100.71376356664896,816.3136586639687,218.9698509630853,2332.4095835290736,130.12762414951789,448.34359301746247,21,21,False
24.0,100.0,26.5,100.0625053845661,811.6733280446965,219.86722498335823,2336.485023245144,130.36477025946795,449.26779681934994,21,21,False
25.0,100.0,26.5,100.1185597696223,813.8794591059124,219.77319201954424,2337.9455822405616,129.6885189694036,447.6220347224784,21,21,False
26.0,100.0,26.5,100.12963198121328,810.7263720471592,218.22545260119517,2334.3651473739146,130.2731622786154,450.18200260784926,21,21,False
27.0,100.0,26.5,100.09718864488514,814.4943867661392,219.590208817037,2331.4870795928123,129.53881267716667,450.04674917285024,21,21,False
28.0,100.0,26.5,99.54411265744842,814.1941843942016,220.9609705924026,2335.5462350223884,130.10974320951667,450.79307903513273,21,21,False
29.0,100.0,26.5,100.61987211486615,813.7285442485268,220.0683938266338,2336.2072805647017,129.64859783219634,449.9001406572176,21,21,False
30.0,100.0,26.5,99.55451499346424,812.4591760609233,220.28831748136398,2333.186456204703,130.13155348582683,449.54798052471455,21,21,False
31.0,100.0,26.5,98.80530632042826,813.751802549101,220.1428444849628,2335.938186090115,129.54323991584417,449.5365216194097,21,21,False
32.0,100.0,26.5,99.69432747665529,812.4485696435286,218.01710575724644,2333.967521306204,129.42045539537466,451.5874586548704,21,21,False
33.0,100.0,26.5,100.03818412824377,811.5918849430424,219.91425770436953,2334.507274971879,130.0338724289876,450.267613341965,21,21,False
34.0,100.0,26.5,100.37238595571367,811.9180151302683,219.31201601391703,2333.3907706011987,130.03854339140395,449.4386661228213,21,21,False
35.0,100.0,26.5,99.98248347914796,813.2346441535167,219.9366539058014,2335.6495818492504,129.87280648180754,450.5469774422711,21,21,False
36.0,100.0,26.5,99.79493559174271,813.8933642301671,219.2236356517955,2332.668089103177,129.2318736500754,449.65415403772994,21,21,False
37.0,100.0,26.5,98.49690514403257,812.3915514630467,219.10534241636387,2333.3881247711565,130.2456169709191,447.6697587360346,21,21,False
38.0,100.0,26.5,99.65337479137033,813.4344861841674,218.93104036088735,2336.5587103361077,130.06465052715217,450.8878723298554,21,21,False
39.0,100.0,26.5,100.80411756350857,812.7369784745775,220.5624639098109,2339.9783191707147,130.08332652838527,450.73000782495666,21,21,False
40.0,100.0,26.5,98.88292360933632,815.0023943776977,217.71918870056922,2334.425081019836,129.7385144410348,449.84991922496636,21,21,False
41.0,100.0,26.5,100.20340968606756,813.1167855041142,220.22405755706967,2337.8467258547844,129.97875490058155,448.6860613268293,21,21,False
42.0,100.0,26.5,99.21495205082917,813.7408569238361,222.22009509524216,2337.289801715433,130.03913597109485,450.77471242644856,21,21,False
43.0,100.0,26.5,99.09016619927968,812.104144337673,218.95543106837593,2334.6687482846387,130.0401259132148,449.5492663287027,21,21,False
44.0,100.0,26.5,99.54511808699672,812.5628173842665,220.457720104959,2334.9152561886613,129.4025528821946,449.9758715934595,21,21,False
45.0,100.0,26.5,99.32872128066926,814.6632698954,221.06041833363335,2336.250284368952,129.69849783122862,449.2561825237191,21,21,False
46.0,100.0,26.5,99.16101367406871,815.7776314939596,219.6908265806477,2334.3744651164834,129.95086426857685,450.7602202810104,21,21,False
47.0,100.0,26.5,98.66310078078922,813.9110383567196,218.46676915870324,2334.0899748893858,129.56303910349635,451.34971892055984,21,21,False
48.0,100.0,26.5,98.75819696182353,813.379728869693,221.2105318503742,2333.8354993356616,129.87224830352721,451.3321036655975,21,21,False
49.0,100.0,26.5,98.22834270966004,812.9100223542983,219.6404535639497,2338.4324849578616,129.62450531567367,450.43343725882346,21,21,False
50.0,100.0,26.5,100.55832034135373,813.3262093090312,220.05982005981443,2334.7355343107088,129.19023176077155,450.4129159226839,21,21,False
51.0,150.0,31.5,110.58431919517616,749.6583932816771,223.4016314397676,2293.5699273045702,131.52759187411772,450.66346207263086,21,21,False
52.0,150.0,36.5,123.42490671256496,670.0296834965445,228.19594414268738,2232.917274437159,133.87633917599808,448.9146251479077,21,21,False
53.0,150.0,41.5,132.29324099899543,590.7494486127218,233.56813356514763,2170.741913239729,136.66855402008568,449.9081017496907,21,21,False
54.0,150.0,46.5,142.27357699416615,523.1381623610889,235.54724934423422,2112.1487041247465,139.7045844079896,450.4847913363638,21,21,False
55.0,150.0,51.5,149.20869839956933,471.40953343357603,239.3984256257794,2060.3134920756697,141.85971686110352,449.53489299650124,21,21,False
56.0,150.0,53.0,151.49785480087286,440.88588085676605,239.95612941385932,2027.954455830954,143.67599660508355,450.5195777370464,21,21,False
57.0,150.0,53.0,155.15447516847092,427.8975307856003,240.94169968691224,2006.2689382818924,145.26138997285912,448.9405689420267,21,21,False
58.0,150.0,51.5,153.22360124744355,429.1812004364907,242.03597721999327,2001.3452951424256,145.95557869626447,450.46753904116974,21,21,False
59.0,150.0,51.5,150.61992810768555,430.86748439104747,241.4765453406758,1997.098564824913,146.79390499558053,452.01461657742516,21,21,False
60.0,150.0,51.5,152.07664445681357,429.01322259906965,240.56183274739843,1988.7083529409788,147.20116556446592,451.3888399299148,21,21,False
61.0,150.0,50.0,151.19023107879985,437.6762400236925,241.09703916116487,1990.6019184783868,147.65490162057552,450.1864739370531,21,21,False
62.0,150.0,50.0,150.68329370902342,439.8401026899617,241.6289606768055,1991.9844232067426,147.49424284632713,448.3953920381728,21,21,False
63.0,150.0,50.0,152.37130210160046,441.2740415081881,240.11515387413573,1992.8871727880303,147.7560896385408,450.2608305970737,21,21,False
64.0,150.0,50.0,151.05992060867482,444.0567426554385,239.67012560102484,1993.2261517350119,148.25552599144493,451.79678033568973,21,21,False
65.0,150.0,50.0,151.13378639991947,444.0554391299404,241.9322535287856,1993.3322690135114,147.47601571190359,450.85050045205617,21,21,False
66.0,150.0,50.0,150.37832712432004,440.1926783514418,240.14426772297404,1995.4213776449783,148.1516690735339,451.1937025309823,21,21,False
67.0,150.0,50.0,151.50412387550088,445.9903785742997,240.83106314820856,1991.8930877116547,148.0011919832945,448.22171783816356,21,21,False
68.0,150.0,50.0,149.5472861204983,443.4864464748787,239.18204927835816,1993.5840797566482,148.64133280401643,449.84808409472225,21,21,False
69.0,150.0,50.0,150.50231035141016,443.6102113134225,240.84367886471864,1993.0287851630526,148.27916605601888,451.0891996346922,21,21,False
70.0,150.0,50.0,150.59206465812696,443.6466552278667,241.85646015722284,1992.9475278370958,147.77687847229217,450.34042020056614,21,21,False
71.0,150.0,50.0,150.72400340526536,446.1649884549593,240.75574768038223,1993.912886504108,148.04347315703845,449.3001459071268,21,21,False
72.0,150.0,50.0,152.57910729970195,442.5845936343034,240.61306106954993,1996.6662863863116,147.95258072862686,450.91721445879125,21,21,False
73.0,150.0,50.0,150.9933492926852,443.6175753794091,239.37307881840212,1994.6681847380835,147.69251732477852,451.80948757124384,21,21,False
74.0,150.0,50.0,152.05662579846881,445.2207000228135,239.8891784504652,1993.9818296291864,148.36792232559003,450.4032587830436,21,21,False
75.0,150.0,50.0,152.93758769257042,441.8008856298561,237.68249969396874,1995.4920145136605,147.72474224080827,448.7423555249043,21,21,False
76.0,150.0,50.0,151.86661074100857,441.29983961580825,241.75510768384746,1991.8307778204505,147.70062349593428,449.9598732735836,21,21,False
77.0,150.0,50.0,150.9821294176829,443.8513181649311,238.5803166842051,1992.5810131359344,147.62500632476733,450.35690033033944,21,21,False
78.0,150.0,50.0,149.94303045250373,444.0917944086788,238.78855411612506,1990.7390117342454,148.41440374879403,449.89285969475463,21,21,False
79.0,150.0,50.0,151.04601176189334,444.50160953409636,240.52769859785136,1993.326507603657,147.45395912940756,450.05161193968127,21,21,False
80.0,150.0,50.0,151.21004501553756,445.4272271684409,242.20490101107677,1995.237858221702,148.2355011600616,451.3928928670335,21,21,False
81.0,150.0,50.0,149.99721970005118,441.58757989141384,240.29071723310926,1991.8196568286578,148.05951791298403,451.4114771882575,21,21,False
82.0,150.0,50.0,150.036687145054,443.07784822674375,242.15723893526018,1991.5116747073907,148.31453849016833,450.215828753557,21,21,False
83.0,150.0,50.0,150.45625683850108,443.71487024875665,239.72663885867325,1996.353582841174,147.43635004917726,451.6562023893676,21,21,False
84.0,150.0,50.0,150.03777557246468,445.7646289824971,240.61710237606783,1989.148239383379,147.64522475246372,449.53509451710585,21,21,False
85.0,150.0,50.0,151.71687344555423,442.25425393059993,241.77703236546654,1991.4652436284157,148.40741931304333,450.57423742344645,21,21,False
86.0,150.0,50.0,151.56344745804373,443.6216666128308,240.16755251152662,1994.6166031594184,147.58286598350932,450.31033272597375,21,21,False
87.0,150.0,50.0,150.8333686992741,443.42269900786033,239.8900341185487,1994.5627628432985,147.99478612136107,450.84583373116465,21,21,False
88.0,150.0,50.0,150.86486100579998,445.27454397512696,240.01685851401746,1994.8914734291536,147.87606563548158,450.76034451331617,21,21,False
89.0,150.0,50.0,150.22802425506103,443.05629861875485,242.43285891448122,1993.6581814008612,148.4760867019785,449.9169316183321,21,21,False
90.0,150.0,50.0,151.48047712690155,444.2233944348188,239.17371312955493,1992.7472249289262,148.05849509345026,449.79110430441517,21,21,False
91.0,150.0,50.0,150.0888339428888,439.953229768911,240.80897679953296,1993.6625456530278,148.31184430674978,450.3500106127456,21,21,False
92.0,150.0,50.0,151.81065082704984,442.7090906962059,241.1549661662611,1990.8624587089482,148.11079526932895,447.865835615027,21,21,False
93.0,150.0,50.0,152.82008991969778,441.8576305239764,241.02888577705835,1993.251508301916,147.34180788546252,447.80683240236345,21,21,False
94.0,150.0,50.0,150.79798653070753,443.8504382656044,239.5713731919981,1994.547065376379,147.91301883550128,450.60874439352517,21,21,False
95.0,150.0,50.0,151.25413991190825,443.0134939447366,240.78048627854844,1994.7974400958328,148.2044451602518,451.49602756092463,21,21,False
96.0,150.0,50.0,150.8468508319635,441.148785580061,240.02864930718613,1994.5163203013876,147.5935528907387,450.15117586817587,21,21,False
97.0,150.0,50.0,150.72864328663255,444.1675052396326,241.14434073809176,1992.63603442933,147.85788129201293,450.7204867983637,21,21,False
98.0,150.0,50.0,150.0434065893842,440.44746794347367,240.3967442020999,1989.8241100950274,148.24349164670653,448.4270982416286,21,21,False
99.0,150.0,50.0,151.1581951311927,442.2629271108453,240.4474146820069,1990.971677268783,147.91940823347292,449.45018618271405,21,21,False
100.0,150.0,50.0,149.29013859643368,443.3157912872667,239.99938899761202,1995.132321138303,147.76517402637103,451.1930501069076,21,21,False
